{
  "IcoMoonType": "selection",
  "icons": [
    {
      "icon": {
        "paths": [
          "M854 470v84h-520l238 240-60 60-342-342 342-342 60 60-238 240h520z"
        ],
        "attrs": [],
        "isMulticolor": false,
        "isMulticolor2": false,
        "tags": [
          "arrow_back"
        ],
        "defaultCode": 58820,
        "grid": 24
      },
      "attrs": [],
      "properties": {
        "ligatures": "arrow_back",
        "id": 0,
        "order": 56,
        "prevSize": 24,
        "code": 58820,
        "name": "arrow-back"
      },
      "setIdx": 0,
      "setId": 10,
      "iconIdx": 0
    },
    {
      "icon": {
        "paths": [
          "M512 726c118 0 214-96 214-214s-96-214-214-214-214 96-214 214 96 214 214 214zM384 86h256l78 84h136c46 0 84 40 84 86v512c0 46-38 86-84 86h-684c-46 0-84-40-84-86v-512c0-46 38-86 84-86h136zM376 512c0-76 60-136 136-136s136 60 136 136-60 136-136 136-136-60-136-136z"
        ],
        "attrs": [],
        "isMulticolor": false,
        "isMulticolor2": false,
        "tags": [
          "photo_camera"
        ],
        "defaultCode": 58386,
        "grid": 24
      },
      "attrs": [],
      "properties": {
        "ligatures": "camera_alt, local_see, photo_camera",
        "id": 1,
        "order": 64,
        "prevSize": 24,
        "code": 58386,
        "name": "image"
      },
      "setIdx": 0,
      "setId": 10,
      "iconIdx": 1
    },
    {
      "icon": {
        "paths": [
          "M726 666l-154-154 154-154-60-60-154 154-154-154-60 60 154 154-154 154 60 60 154-154 154 154zM512 86c236 0 426 190 426 426s-190 426-426 426-426-190-426-426 190-426 426-426z"
        ],
        "attrs": [],
        "isMulticolor": false,
        "isMulticolor2": false,
        "tags": [
          "cancel"
        ],
        "defaultCode": 58825,
        "grid": 24
      },
      "attrs": [],
      "properties": {
        "ligatures": "cancel",
        "id": 2,
        "order": 90,
        "prevSize": 24,
        "code": 58825,
        "name": "cancel-circle"
      },
      "setIdx": 0,
      "setId": 10,
      "iconIdx": 2
    },
    {
      "icon": {
        "paths": [
          "M810 274l-238 238 238 238-60 60-238-238-238 238-60-60 238-238-238-238 60-60 238 238 238-238z"
        ],
        "attrs": [],
        "isMulticolor": false,
        "isMulticolor2": false,
        "tags": [
          "close"
        ],
        "defaultCode": 58829,
        "grid": 24
      },
      "attrs": [],
      "properties": {
        "ligatures": "clear, close",
        "id": 3,
        "order": 92,
        "prevSize": 24,
        "code": 58829,
        "name": "close"
      },
      "setIdx": 0,
      "setId": 10,
      "iconIdx": 3
    },
    {
      "icon": {
        "paths": [
          "M884 300l-78 78-160-160 78-78c16-16 44-16 60 0l100 100c16 16 16 44 0 60zM128 736l472-472 160 160-472 472h-160v-160z"
        ],
        "attrs": [],
        "isMulticolor": false,
        "isMulticolor2": false,
        "tags": [
          "mode_edit"
        ],
        "defaultCode": 57940,
        "grid": 24
      },
      "attrs": [],
      "properties": {
        "ligatures": "create, edit, mode_edit",
        "id": 4,
        "order": 93,
        "prevSize": 24,
        "code": 57940,
        "name": "edit-mode"
      },
      "setIdx": 0,
      "setId": 10,
      "iconIdx": 4
    },
    {
      "icon": {
        "paths": [
          "M810 128c46 0 86 40 86 86v596c0 46-40 86-86 86h-596c-48 0-86-40-86-86v-170h86v170h596v-596h-596v170h-86v-170c0-46 38-86 86-86h596zM430 666l110-112h-412v-84h412l-110-112 60-60 214 214-214 214z"
        ],
        "attrs": [],
        "isMulticolor": false,
        "isMulticolor2": false,
        "tags": [
          "exit_to_app"
        ],
        "defaultCode": 59513,
        "grid": 24
      },
      "attrs": [],
      "properties": {
        "ligatures": "exit_to_app",
        "id": 5,
        "order": 99,
        "prevSize": 24,
        "code": 59513,
        "name": "exit-app"
      },
      "setIdx": 0,
      "setId": 10,
      "iconIdx": 5
    },
    {
      "icon": {
        "paths": [
          "M170 512c0-188 154-342 342-342s342 154 342 342-154 342-342 342-342-154-342-342z"
        ],
        "attrs": [],
        "isMulticolor": false,
        "isMulticolor2": false,
        "tags": [
          "fiber_manual_record"
        ],
        "defaultCode": 57441,
        "grid": 24
      },
      "attrs": [],
      "properties": {
        "ligatures": "fiber_manual_record",
        "id": 6,
        "order": 89,
        "prevSize": 24,
        "code": 57441,
        "name": "full-dot"
      },
      "setIdx": 0,
      "setId": 10,
      "iconIdx": 6
    },
    {
      "icon": {
        "paths": [
          "M128 128h768v86h-768v-86zM298 298h428v86h-428v-86zM128 554v-84h768v84h-768zM128 896v-86h768v86h-768zM298 640h428v86h-428v-86z"
        ],
        "attrs": [],
        "isMulticolor": false,
        "isMulticolor2": false,
        "tags": [
          "format_align_center"
        ],
        "defaultCode": 57908,
        "grid": 24
      },
      "attrs": [],
      "properties": {
        "ligatures": "format_align_center",
        "id": 7,
        "order": 55,
        "prevSize": 24,
        "code": 57908,
        "name": "align-center"
      },
      "setIdx": 0,
      "setId": 10,
      "iconIdx": 7
    },
    {
      "icon": {
        "paths": [
          "M128 128h768v86h-768v-86zM128 896v-86h768v86h-768zM128 554v-84h768v84h-768zM640 298v86h-512v-86h512zM640 640v86h-512v-86h512z"
        ],
        "attrs": [],
        "isMulticolor": false,
        "isMulticolor2": false,
        "tags": [
          "format_align_left"
        ],
        "defaultCode": 57910,
        "grid": 24
      },
      "attrs": [],
      "properties": {
        "ligatures": "format_align_left",
        "id": 8,
        "order": 57,
        "prevSize": 24,
        "code": 57910,
        "name": "align-left"
      },
      "setIdx": 0,
      "setId": 10,
      "iconIdx": 8
    },
    {
      "icon": {
        "paths": [
          "M128 128h768v86h-768v-86zM384 384v-86h512v86h-512zM128 554v-84h768v84h-768zM384 726v-86h512v86h-512zM128 896v-86h768v86h-768z"
        ],
        "attrs": [],
        "isMulticolor": false,
        "isMulticolor2": false,
        "tags": [
          "format_align_right"
        ],
        "defaultCode": 57911,
        "grid": 24
      },
      "attrs": [],
      "properties": {
        "ligatures": "format_align_right",
        "id": 9,
        "order": 58,
        "prevSize": 24,
        "code": 57911,
        "name": "align-right"
      },
      "setIdx": 0,
      "setId": 10,
      "iconIdx": 9
    },
    {
      "icon": {
        "paths": [
          "M576 662c36 0 64-28 64-64s-28-64-64-64h-150v128h150zM426 278v128h128c36 0 64-28 64-64s-28-64-64-64h-128zM666 460c56 26 92 82 92 146 0 90-68 162-158 162h-302v-598h268c96 0 170 76 170 172 0 44-28 90-70 118z"
        ],
        "attrs": [],
        "isMulticolor": false,
        "isMulticolor2": false,
        "tags": [
          "format_bold"
        ],
        "defaultCode": 57912,
        "grid": 24
      },
      "attrs": [],
      "properties": {
        "ligatures": "format_bold",
        "id": 10,
        "order": 54,
        "prevSize": 24,
        "code": 57912,
        "name": "bold"
      },
      "setIdx": 0,
      "setId": 10,
      "iconIdx": 10
    },
    {
      "icon": {
        "paths": [
          "M426 170h342v128h-120l-144 342h94v128h-342v-128h120l144-342h-94v-128z"
        ],
        "attrs": [],
        "isMulticolor": false,
        "isMulticolor2": false,
        "tags": [
          "format_italic"
        ],
        "defaultCode": 57919,
        "grid": 24
      },
      "attrs": [],
      "properties": {
        "ligatures": "format_italic",
        "id": 11,
        "order": 59,
        "prevSize": 24,
        "code": 57919,
        "name": "italic"
      },
      "setIdx": 0,
      "setId": 10,
      "iconIdx": 11
    },
    {
      "icon": {
        "paths": [
          "M298 214h598v84h-598v-84zM298 554v-84h598v84h-598zM298 810v-84h598v84h-598zM170 704c36 0 64 30 64 64s-30 64-64 64-64-30-64-64 28-64 64-64zM170 192c36 0 64 28 64 64s-28 64-64 64-64-28-64-64 28-64 64-64zM170 448c36 0 64 28 64 64s-28 64-64 64-64-28-64-64 28-64 64-64z"
        ],
        "attrs": [],
        "isMulticolor": false,
        "isMulticolor2": false,
        "tags": [
          "format_list_bulleted"
        ],
        "defaultCode": 57921,
        "grid": 24
      },
      "attrs": [],
      "properties": {
        "ligatures": "format_list_bulleted",
        "id": 12,
        "order": 60,
        "prevSize": 24,
        "code": 57921,
        "name": "unordered-list"
      },
      "setIdx": 0,
      "setId": 10,
      "iconIdx": 12
    },
    {
      "icon": {
        "paths": [
          "M298 554v-84h598v84h-598zM298 810v-84h598v84h-598zM298 214h598v84h-598v-84zM86 470v-44h128v40l-78 88h78v44h-128v-40l76-88h-76zM128 342v-128h-42v-44h84v172h-42zM86 726v-44h128v172h-128v-44h84v-20h-42v-44h42v-20h-84z"
        ],
        "attrs": [],
        "isMulticolor": false,
        "isMulticolor2": false,
        "tags": [
          "format_list_numbered"
        ],
        "defaultCode": 57922,
        "grid": 24
      },
      "attrs": [],
      "properties": {
        "ligatures": "format_list_numbered",
        "id": 13,
        "order": 88,
        "prevSize": 24,
        "code": 57922,
        "name": "ordered-list"
      },
      "setIdx": 0,
      "setId": 10,
      "iconIdx": 13
    },
    {
      "icon": {
        "paths": [
          "M128 512v-128h384v128h-128v298h-128v-298h-128zM384 170h554v128h-212v512h-128v-512h-214v-128z"
        ],
        "attrs": [],
        "isMulticolor": false,
        "isMulticolor2": false,
        "tags": [
          "format_size"
        ],
        "defaultCode": 57925,
        "grid": 24
      },
      "attrs": [],
      "properties": {
        "ligatures": "format_size",
        "id": 14,
        "order": 61,
        "prevSize": 24,
        "code": 57925,
        "name": "font-size"
      },
      "setIdx": 0,
      "setId": 10,
      "iconIdx": 14
    },
    {
      "icon": {
        "paths": [
          "M214 810h596v86h-596v-86zM512 726c-142 0-256-114-256-256v-342h106v342c0 82 68 148 150 148s150-66 150-148v-342h106v342c0 142-114 256-256 256z"
        ],
        "attrs": [],
        "isMulticolor": false,
        "isMulticolor2": false,
        "tags": [
          "format_underlined"
        ],
        "defaultCode": 57929,
        "grid": 24
      },
      "attrs": [],
      "properties": {
        "ligatures": "format_underlined",
        "id": 15,
        "order": 70,
        "prevSize": 24,
        "code": 57929,
        "name": "underline"
      },
      "setIdx": 0,
      "setId": 10,
      "iconIdx": 15
    },
    {
      "icon": {
        "paths": [
          "M726 298c118 0 212 96 212 214s-94 214-212 214h-172v-82h172c72 0 132-60 132-132s-60-132-132-132h-172v-82h172zM342 554v-84h340v84h-340zM166 512c0 72 60 132 132 132h172v82h-172c-118 0-212-96-212-214s94-214 212-214h172v82h-172c-72 0-132 60-132 132z"
        ],
        "attrs": [],
        "isMulticolor": false,
        "isMulticolor2": false,
        "tags": [
          "link"
        ],
        "defaultCode": 57687,
        "grid": 24
      },
      "attrs": [],
      "properties": {
        "ligatures": "insert_link, link",
        "id": 16,
        "order": 63,
        "prevSize": 24,
        "code": 57687,
        "name": "link"
      },
      "setIdx": 0,
      "setId": 10,
      "iconIdx": 16
    },
    {
      "icon": {
        "paths": [
          "M512 836v-618l-180 180c-48 48-76 114-76 182 0 137.583 118.4 256 256 256zM754 338c134 134 134 348 0 482-66 66-154 100-242 100s-176-34-242-100c-134-134-134-348 0-482l242-242z"
        ],
        "attrs": [],
        "isMulticolor": false,
        "isMulticolor2": false,
        "tags": [
          "invert_colors"
        ],
        "defaultCode": 59537,
        "grid": 24
      },
      "attrs": [],
      "properties": {
        "ligatures": "invert_colors",
        "id": 17,
        "order": 87,
        "prevSize": 24,
        "code": 59537,
        "name": "color"
      },
      "setIdx": 0,
      "setId": 10,
      "iconIdx": 17
    },
    {
      "icon": {
        "paths": [
          "M658 686l-60 60-256-256 256-256 60 60-196 196z"
        ],
        "attrs": [],
        "isMulticolor": false,
        "isMulticolor2": false,
        "tags": [
          "keyboard_arrow_left"
        ],
        "defaultCode": 58132,
        "grid": 24
      },
      "attrs": [],
      "properties": {
        "ligatures": "keyboard_arrow_left",
        "id": 18,
        "order": 81,
        "prevSize": 24,
        "code": 58132,
        "name": "previous"
      },
      "setIdx": 0,
      "setId": 10,
      "iconIdx": 18
    },
    {
      "icon": {
        "paths": [
          "M366 698l196-196-196-196 60-60 256 256-256 256z"
        ],
        "attrs": [],
        "isMulticolor": false,
        "isMulticolor2": false,
        "tags": [
          "keyboard_arrow_right"
        ],
        "defaultCode": 58133,
        "grid": 24
      },
      "attrs": [],
      "properties": {
        "ligatures": "keyboard_arrow_right",
        "id": 19,
        "order": 82,
        "prevSize": 24,
        "code": 58133,
        "name": "next"
      },
      "setIdx": 0,
      "setId": 10,
      "iconIdx": 19
    },
    {
      "icon": {
        "paths": [
          "M214 170h596v128h-234v512h-128v-512h-234v-128z"
        ],
        "attrs": [],
        "isMulticolor": false,
        "isMulticolor2": false,
        "tags": [
          "title"
        ],
        "defaultCode": 57956,
        "grid": 24
      },
      "attrs": [],
      "properties": {
        "ligatures": "title",
        "id": 20,
        "order": 84,
        "prevSize": 24,
        "code": 57956,
        "name": "large-font"
      },
      "setIdx": 0,
      "setId": 10,
      "iconIdx": 20
    },
    {
      "icon": {
        "paths": [
          "M534 342c198 0 364 130 424 308l-100 32c-44-136-172-234-324-234-84 0-160 30-220 80l156 154h-384v-384l152 154c78-68 182-110 296-110z"
        ],
        "attrs": [],
        "isMulticolor": false,
        "isMulticolor2": false,
        "tags": [
          "undo"
        ],
        "defaultCode": 57702,
        "grid": 24
      },
      "attrs": [],
      "properties": {
        "ligatures": "undo",
        "id": 21,
        "order": 62,
        "prevSize": 24,
        "code": 57702,
        "name": "undo"
      },
      "setIdx": 0,
      "setId": 10,
      "iconIdx": 21
    },
    {
      "icon": {
        "paths": [
          "M384 690l452-452 60 60-512 512-238-238 60-60z"
        ],
        "attrs": [],
        "isMulticolor": false,
        "isMulticolor2": false,
        "tags": [
          "check"
        ],
        "defaultCode": 58826,
        "grid": 24
      },
      "attrs": [],
      "properties": {
        "ligatures": "check",
        "id": 148,
        "order": 64,
        "prevSize": 24,
        "code": 58826,
        "name": "check"
      },
      "setIdx": 2,
      "setId": 8,
      "iconIdx": 148
    },
    {
      "icon": {
        "paths": [
          "M256 214h598v128h-248l-68 160-90-88 30-72h-102l-120-120v-8zM140 214l12 10 616 618-54 54-242-242-66 156h-128l104-246-296-296z"
        ],
        "attrs": [],
        "isMulticolor": false,
        "isMulticolor2": false,
        "tags": [
          "format_clear"
        ],
        "defaultCode": 57913,
        "grid": 24
      },
      "attrs": [],
      "properties": {
        "ligatures": "format_clear",
        "id": 325,
        "order": 106,
        "prevSize": 24,
        "code": 57913,
        "name": "remove-format"
      },
      "setIdx": 2,
      "setId": 8,
      "iconIdx": 325
    },
    {
      "icon": {
        "paths": [
          "M512 470l342-214h-684zM854 768v-426l-342 212-342-212v426h684zM854 170c46 0 84 40 84 86v512c0 46-38 86-84 86h-684c-46 0-84-40-84-86v-512c0-46 38-86 84-86h684z"
        ],
        "attrs": [],
        "isMulticolor": false,
        "isMulticolor2": false,
        "tags": [
          "mail_outline"
        ],
        "defaultCode": 57569,
        "grid": 24
      },
      "attrs": [],
      "properties": {
        "ligatures": "mail_outline",
        "id": 485,
        "order": 100,
        "prevSize": 24,
        "code": 57569,
        "name": "mail"
      },
      "setIdx": 2,
      "setId": 8,
      "iconIdx": 485
    },
    {
      "icon": {
        "paths": [
          "M786 452l152-154v384h-384l156-154c-60-50-136-80-220-80-152 0-280 98-324 234l-100-32c58-178 226-308 424-308 114 0 218 42 296 110z"
        ],
        "attrs": [],
        "isMulticolor": false,
        "isMulticolor2": false,
        "tags": [
          "redo"
        ],
        "defaultCode": 57690,
        "grid": 24
      },
      "attrs": [],
      "properties": {
        "ligatures": "redo",
        "id": 615,
        "order": 101,
        "prevSize": 24,
        "code": 57690,
        "name": "redo"
      },
      "setIdx": 2,
      "setId": 8,
      "iconIdx": 615
    },
    {
      "icon": {
        "paths": [
          "M512 426h-86v86h-42v-86h-86v-42h86v-86h42v86h86v42zM406 598c106 0 192-86 192-192s-86-192-192-192-192 86-192 192 86 192 192 192zM662 598l212 212-64 64-212-212v-34l-12-12c-48 42-112 66-180 66-154 0-278-122-278-276s124-278 278-278 276 124 276 278c0 68-24 132-66 180l12 12h34z"
        ],
        "attrs": [],
        "isMulticolor": false,
        "isMulticolor2": false,
        "tags": [
          "zoom_in"
        ],
        "defaultCode": 59647,
        "grid": 24
      },
      "attrs": [],
      "properties": {
        "ligatures": "zoom_in",
        "id": 842,
        "order": 63,
        "prevSize": 24,
        "code": 59647,
        "name": "zoom_in"
      },
      "setIdx": 2,
      "setId": 8,
      "iconIdx": 842
    },
    {
      "icon": {
        "paths": [
          "M768 576h-128c-34 0-64 32-64 64h256c0-34-32-64-64-64zM713 160c-167 0-209 32-233 56-24-24-66-56-233-56s-247 46-247 78v586c29-16 119-48 214-56 115-9 234 9 234 32 0 16 8 31 31 32 0 0 0 0 1 0 0 0 0 0 1 0 23-1 31-16 31-32 0-23 119-41 234-32 94 7 185 40 214 56v-586c0-32-80-78-247-78zM448 732c-30-16-103-28-192-28s-170 12-192 27c0 0 0-411 0-443s64-59 192-59 192 27 192 59 0 444 0 444zM896 731c-22-15-103-27-192-27s-162 12-192 28c0 0 0-412 0-444s64-59 192-59 192 27 192 59 0 443 0 443zM768 448h-128c-34 0-64 32-64 64h256c0-34-32-64-64-64zM768 320h-128c-34 0-64 32-64 64h256c0-34-32-64-64-64zM320 448h-128c-32 0-64 30-64 64h256c0-32-30-64-64-64zM320 576h-128c-32 0-64 30-64 64h256c0-32-30-64-64-64zM320 320h-128c-32 0-64 30-64 64h256c0-32-30-64-64-64z"
        ],
        "attrs": [
          {}
        ],
        "isMulticolor": false,
        "isMulticolor2": false,
        "tags": [
          "book"
        ],
        "grid": 16
      },
      "attrs": [
        {}
      ],
      "properties": {
        "order": 1,
        "id": 0,
        "prevSize": 32,
        "code": 59648,
        "name": "read-mode"
      },
      "setIdx": 1,
      "setId": 9,
      "iconIdx": 0
    },
    {
      "icon": {
        "paths": [
          "M320 256h384v128h-128v384h-128v-384h-128z"
        ],
        "attrs": [
          {}
        ],
        "isMulticolor": false,
        "isMulticolor2": false,
        "tags": [
          "small-font"
        ],
        "grid": 16
      },
      "attrs": [
        {}
      ],
      "properties": {
        "order": 85,
        "id": 1,
        "name": "small-font",
        "prevSize": 32,
        "code": 59654
      },
      "setIdx": 1,
      "setId": 9,
      "iconIdx": 1
    },
    {
      "icon": {
        "paths": [
          "M465.892 720.291h-156.223c-114.853 0-208.291-93.44-208.291-208.291 0-114.853 93.438-208.291 208.291-208.291h156.223c28.758 0 52.077 23.314 52.077 52.077s-23.314 52.077-52.077 52.077h-156.223c-57.427 0-104.146 46.719-104.146 104.146s46.719 104.146 104.146 104.146h156.223c28.758 0 52.077 23.314 52.077 52.077s-23.314 52.077-52.077 52.077z",
          "M778.327 720.291h-156.223c-28.758 0-52.077-23.314-52.077-52.077s23.314-52.077 52.077-52.077h156.223c57.427 0 104.146-46.719 104.146-104.146s-46.719-104.146-104.146-104.146h-156.223c-28.758 0-52.077-23.314-52.077-52.077s23.314-52.077 52.077-52.077h156.223c114.851 0 208.291 93.438 208.291 208.291 0 114.851-93.44 208.291-208.291 208.291z",
          "M544 251.637c-14.38 0-26.036-11.663-26.036-26.036v-104.146c0-14.378 11.656-26.036 26.036-26.036s26.036 11.663 26.036 26.036v104.146c0 14.378-11.656 26.036-26.036 26.036z",
          "M700.223 251.637c-6.663 0-13.327-2.548-18.409-7.628-10.164-10.164-10.164-26.654 0-36.821l104.146-104.146c10.164-10.164 26.654-10.164 36.821 0s10.164 26.654 0 36.821l-104.146 104.146c-5.086 5.086-11.747 7.628-18.41 7.628z",
          "M387.777 251.637c-6.663 0-13.327-2.548-18.409-7.628l-104.146-104.146c-10.164-10.164-10.164-26.654 0-36.821s26.654-10.164 36.821 0l104.146 104.146c10.164 10.164 10.164 26.654 0 36.821-5.086 5.086-11.747 7.628-18.41 7.628z",
          "M544 772.363c14.382 0 26.036 11.656 26.036 26.036v104.146c0 14.378-11.654 26.036-26.036 26.036-14.378 0-26.036-11.663-26.036-26.036v-104.146c0-14.38 11.663-26.036 26.036-26.036z",
          "M387.777 772.363c6.663 0 13.327 2.548 18.409 7.626 10.164 10.164 10.164 26.654 0 36.821l-104.146 104.146c-10.164 10.17-26.654 10.17-36.821 0-10.164-10.164-10.164-26.654 0-36.821l104.146-104.146c5.086-5.084 11.749-7.626 18.41-7.626z",
          "M700.223 772.363c6.665 0 13.327 2.548 18.41 7.626l104.146 104.146c10.164 10.164 10.164 26.654 0 36.821s-26.654 10.164-36.821 0l-104.146-104.146c-10.164-10.164-10.164-26.654 0-36.821 5.084-5.084 11.747-7.626 18.409-7.626z"
        ],
        "width": 1088,
        "attrs": [],
        "isMulticolor": false,
        "isMulticolor2": false,
        "tags": [
          "unlink",
          "link",
          "break"
        ],
        "defaultCode": 60578,
        "grid": 16
      },
      "attrs": [],
      "properties": {
        "order": 103,
        "id": 1610,
        "prevSize": 32,
        "code": 60578,
        "name": "unlink"
      },
      "setIdx": 3,
      "setId": 7,
      "iconIdx": 931
    }
  ],
  "height": 1024,
  "metadata": {
    "name": "tinymce-mobile"
  },
  "preferences": {
    "showGlyphs": true,
    "showCodes": true,
    "showQuickUse": true,
    "showQuickUse2": true,
    "showSVGs": true,
    "fontPref": {
      "prefix": "tinymce-mobile-icon-",
      "metadata": {
        "fontFamily": "tinymce-mobile",
        "majorVersion": 1,
        "minorVersion": 2
      },
      "metrics": {
        "emSize": 1024,
        "baseline": 6.25,
        "whitespace": 50
      },
      "embed": false,
      "showSelector": false,
      "showMetrics": false,
      "showMetadata": false,
      "showVersion": true
    },
    "imagePref": {
      "prefix": "icon-",
      "png": true,
      "useClassSelector": true,
      "color": 0,
      "bgColor": 16777215,
      "classSelector": ".icon"
    },
    "historySize": 100,
    "gridSize": 16,
    "showGrid": true,
    "showLiga": false
  }
}